ingredientes_acc,ingredientes_auc,ingredientes_loss,loss,peso_loss,peso_mae,val_ingredientes_acc,val_ingredientes_auc,val_ingredientes_loss,val_loss,val_peso_loss,val_peso_mae
0.9685750007629395,0.9044097661972046,0.18124400079250336,137.76345825195312,2762.23193359375,7.746052265167236,0.9765363335609436,0.9497634172439575,0.07232091575860977,44.81687545776367,895.0089721679688,23.96392822265625
0.9712933897972107,0.8763667345046997,0.13398058712482452,106.77901458740234,2123.50390625,12.076855659484863,0.974984884262085,0.9030336737632751,0.0875287652015686,47.873680114746094,955.6949462890625,23.565263748168945
0.9716799259185791,0.8477821946144104,0.11520068347454071,86.7040023803711,1727.99609375,17.373319625854492,0.974295437335968,0.8706881403923035,0.09463122487068176,45.898494720458984,915.8583984375,26.741493225097656
0.9719206094741821,0.8496186137199402,0.10649950802326202,66.36408233642578,1327.8934326171875,22.516603469848633,0.9744319319725037,0.8807555437088013,0.09097330272197723,41.979698181152344,837.7490234375,28.933334350585938
0.9722177982330322,0.872523844242096,0.09888184815645218,67.99151611328125,1361.5455322265625,26.206144332885742,0.9749314188957214,0.9009038209915161,0.08499130606651306,38.47209167480469,768.0049438476562,29.21297264099121
